"milestones","tasks","startDate","dueDate","status"
"Manuscript","Research & readings",2017-09-01,2017-11-28,"I"
"Manuscript","Data preparation",2017-09-14,2017-09-28,"C"
"Manuscript","Analyses",2017-09-28,2017-10-28,"I"
"Manuscript","Plan",2017-09-21,2017-09-28,"C"
"Manuscript","Introduction",2017-09-28,2017-10-28,"I"
"Manuscript","Methods",2017-09-14,2017-10-28,"I"
"Manuscript","Results",2017-10-28,2017-11-14,"I"
"Manuscript","Discussion",2017-11-14,2017-11-28,"I"
"Manuscript","Conclusion",2017-11-28,2017-12-04,"I"
"Manuscript","Preliminary version to co-authors",2017-12-11,2017-12-11,"I"
